{
  "display": {
    "n_entries": "The dataset consists of 32001 entries, out of which",
    "n_legit": "16002 headlines in dataset are legit",
    "n_clickbait": "15999 headlines in dataset are clickbait",
    "n_splits": "5 fold cross validation is used",
    "n_test": "Length of the test dataset: 6400",
    "n_train": "Length of the train dataset: 25601",
    "n_unique_clickbait": "Unique words in clickbait headlines: 7245",
    "n_unique_legit": "Unique words in legit headlines: 10195",
    "headline": "Apple Self Service Repair now offers 200 parts, tools, repair manuals, across EU",
    "certainty": "The headline is a clickbait with a 19.269% confidence",
    "verdict": "Is it clickbait? False with confidence level: 29.083%"
  },
  "n_entries": 32001,
  "n_legit": 16002,
  "n_clickbait": 15999,
  "n_splits": 5,
  "n_test": 6400,
  "n_train": 25601,
  "n_unique_clickbait": 7245,
  "n_unique_legit": 10195,
  "common_words_clickbait": [
    "thing",
    "make",
    "time",
    "base",
    "life",
    "movi",
    "charact",
    "love",
    "photo",
    "sign"
  ],
  "common_words_legit": [
    "kill",
    "win",
    "dead",
    "uk",
    "presid",
    "bomb",
    "crash",
    "australian",
    "report",
    "obama"
  ],
  "clickbait_wordcloud": "/Users/kartoon/Desktop/comp-5013-project/output/clickbait.png",
  "legit_wordcloud": "/Users/kartoon/Desktop/comp-5013-project/output/legit.png",
  "headline": "Apple Self Service Repair now offers 200 parts, tools, repair manuals, across EU",
  "p_clickbait_compound_prob": 0,
  "p_legit_compound_prob": 0,
  "clickbait_score": 1.3424484737215905,
  "legit_score": 5.62449993222397,
  "certainty": 19.269,
  "verdict": false
}